{
  "Ansi 1 Color": {
    "Green Component": 0.2209840565919876,
    "Blue Component": 0.2557538449764252,
    "Red Component": 0.9871404767036438
  },
  "Tags": [
    "material"
  ],
  "Ansi 12 Color": {
    "Green Component": 0.810665488243103,
    "Blue Component": 0.9989860653877258,
    "Red Component": 0.4388055801391602
  },
  "Horizontal Spacing": 1,
  "Normal Font": "InputMono-Regular 18",
  "Bold Color": {
    "Green Component": 0.9167128801345825,
    "Blue Component": 0.9164876937866211,
    "Red Component": 0.9165446162223816
  },
  "Ansi 3 Color": {
    "Green Component": 0.8167225122451782,
    "Blue Component": 0.1972793340682983,
    "Red Component": 0.9962705373764038
  },
  "Link Color": {
    "Red Component": 0,
    "Color Space": "sRGB",
    "Blue Component": 0.734233021736145,
    "Alpha Component": 1,
    "Green Component": 0.3591606020927429
  },
  "Right Option Key Sends": 0,
  "Rows": 25,
  "Default Bookmark": "No",
  "Cursor Guide Color": {
    "Red Component": 0.7021318674087524,
    "Color Space": "sRGB",
    "Blue Component": 1,
    "Alpha Component": 0.25,
    "Green Component": 0.9268307089805603
  },
  "Non-ASCII Anti Aliased": true,
  "Use Bright Bold": true,
  "Ansi 10 Color": {
    "Green Component": 0.9671228528022766,
    "Blue Component": 0.7465908527374268,
    "Red Component": 0.6780069470405579
  },
  "Ambiguous Double Width": false,
  "Jobs to Ignore": [
    "rlogin",
    "ssh",
    "slogin",
    "telnet"
  ],
  "Ansi 15 Color": {
    "Green Component": 0.9999743700027466,
    "Blue Component": 0.9999912977218628,
    "Red Component": 1
  },
  "Foreground Color": {
    "Green Component": 0.9214292764663696,
    "Blue Component": 0.9311590194702148,
    "Red Component": 0.9073097705841064
  },
  "Working Directory": "\/Users\/frances.coronel",
  "Blinking Cursor": true,
  "Disable Window Resizing": true,
  "Sync Title": false,
  "Prompt Before Closing 2": false,
  "BM Growl": true,
  "Command": "",
  "Description": "Default",
  "Mouse Reporting": true,
  "Screen": -2,
  "Selection Color": {
    "Green Component": 0.4146283566951752,
    "Blue Component": 0.4709658920764923,
    "Red Component": 0.3065949082374573
  },
  "Columns": 80,
  "Idle Code": 0,
  "Ansi 13 Color": {
    "Green Component": 0.4016470611095428,
    "Blue Component": 0.6076607704162598,
    "Red Component": 0.9887651801109314
  },
  "Custom Command": "No",
  "ASCII Anti Aliased": true,
  "Non Ascii Font": "Monaco 12",
  "Vertical Spacing": 1,
  "Use Bold Font": true,
  "Option Key Sends": 0,
  "Selected Text Color": {
    "Green Component": 0.9214292764663696,
    "Blue Component": 0.9311590194702148,
    "Red Component": 0.9073097705841064
  },
  "Background Color": {
    "Green Component": 0.1474502086639404,
    "Blue Component": 0.1660848557949066,
    "Red Component": 0.1127838268876076
  },
  "Character Encoding": 4,
  "Ansi 11 Color": {
    "Green Component": 0.8826228380203247,
    "Blue Component": 0.4251163899898529,
    "Red Component": 0.9976593852043152
  },
  "Use Italic Font": true,
  "Unlimited Scrollback": false,
  "Keyboard Map": {
    "0xf700-0x260000": {
      "Text": "[1;6A",
      "Action": 10
    },
    "0x37-0x40000": {
      "Text": "0x1f",
      "Action": 11
    },
    "0x32-0x40000": {
      "Text": "0x00",
      "Action": 11
    },
    "0xf709-0x20000": {
      "Text": "[17;2~",
      "Action": 10
    },
    "0xf70c-0x20000": {
      "Text": "[20;2~",
      "Action": 10
    },
    "0xf729-0x20000": {
      "Text": "[1;2H",
      "Action": 10
    },
    "0xf72b-0x40000": {
      "Text": "[1;5F",
      "Action": 10
    },
    "0xf705-0x20000": {
      "Text": "[1;2Q",
      "Action": 10
    },
    "0xf703-0x260000": {
      "Text": "[1;6C",
      "Action": 10
    },
    "0xf700-0x220000": {
      "Text": "[1;2A",
      "Action": 10
    },
    "0xf701-0x280000": {
      "Text": "0x1b 0x1b 0x5b 0x42",
      "Action": 11
    },
    "0x38-0x40000": {
      "Text": "0x7f",
      "Action": 11
    },
    "0x33-0x40000": {
      "Text": "0x1b",
      "Action": 11
    },
    "0xf703-0x220000": {
      "Text": "[1;2C",
      "Action": 10
    },
    "0xf701-0x240000": {
      "Text": "[1;5B",
      "Action": 10
    },
    "0xf70d-0x20000": {
      "Text": "[21;2~",
      "Action": 10
    },
    "0xf702-0x260000": {
      "Text": "[1;6D",
      "Action": 10
    },
    "0xf729-0x40000": {
      "Text": "[1;5H",
      "Action": 10
    },
    "0xf706-0x20000": {
      "Text": "[1;2R",
      "Action": 10
    },
    "0x34-0x40000": {
      "Text": "0x1c",
      "Action": 11
    },
    "0xf700-0x280000": {
      "Text": "0x1b 0x1b 0x5b 0x41",
      "Action": 11
    },
    "0x2d-0x40000": {
      "Text": "0x1f",
      "Action": 11
    },
    "0xf70e-0x20000": {
      "Text": "[23;2~",
      "Action": 10
    },
    "0xf702-0x220000": {
      "Text": "[1;2D",
      "Action": 10
    },
    "0xf703-0x280000": {
      "Text": "0x1b 0x1b 0x5b 0x43",
      "Action": 11
    },
    "0xf700-0x240000": {
      "Text": "[1;5A",
      "Action": 10
    },
    "0xf707-0x20000": {
      "Text": "[1;2S",
      "Action": 10
    },
    "0xf70a-0x20000": {
      "Text": "[18;2~",
      "Action": 10
    },
    "0x35-0x40000": {
      "Text": "0x1d",
      "Action": 11
    },
    "0xf70f-0x20000": {
      "Text": "[24;2~",
      "Action": 10
    },
    "0xf703-0x240000": {
      "Text": "[1;5C",
      "Action": 10
    },
    "0xf701-0x260000": {
      "Text": "[1;6B",
      "Action": 10
    },
    "0xf702-0x280000": {
      "Text": "0x1b 0x1b 0x5b 0x44",
      "Action": 11
    },
    "0xf72b-0x20000": {
      "Text": "[1;2F",
      "Action": 10
    },
    "0x36-0x40000": {
      "Text": "0x1e",
      "Action": 11
    },
    "0xf708-0x20000": {
      "Text": "[15;2~",
      "Action": 10
    },
    "0xf701-0x220000": {
      "Text": "[1;2B",
      "Action": 10
    },
    "0xf70b-0x20000": {
      "Text": "[19;2~",
      "Action": 10
    },
    "0xf702-0x240000": {
      "Text": "[1;5D",
      "Action": 10
    },
    "0xf704-0x20000": {
      "Text": "[1;2P",
      "Action": 10
    }
  },
  "Window Type": 0,
  "Background Image Location": "",
  "Blur": false,
  "Badge Color": {
    "Red Component": 1,
    "Color Space": "sRGB",
    "Blue Component": 0,
    "Alpha Component": 0.5,
    "Green Component": 0.1491314172744751
  },
  "Scrollback Lines": 1000,
  "Send Code When Idle": false,
  "Close Sessions On End": true,
  "Terminal Type": "xterm-256color",
  "Visual Bell": true,
  "Flashing Bell": false,
  "Badge Text": "",
  "Silence Bell": false,
  "Ansi 14 Color": {
    "Green Component": 1,
    "Blue Component": 0.9018253684043884,
    "Red Component": 0.6029278635978699
  },
  "Name": "Materialize",
  "Cursor Text Color": {
    "Green Component": 0,
    "Blue Component": 0,
    "Red Component": 0
  },
  "Open Toolbelt": false,
  "Shortcut": "",
  "Cursor Color": {
    "Red Component": 1,
    "Color Space": "sRGB",
    "Blue Component": 0.2509803921568627,
    "Alpha Component": 1,
    "Green Component": 0.8431372549019608
  },
  "Ansi 0 Color": {
    "Green Component": 0.3561601936817169,
    "Blue Component": 0.4025329947471619,
    "Red Component": 0.2628658711910248
  },
  "Guid": "886C9DCE-E700-4290-912F-0E40F57D680B",
  "Ansi 2 Color": {
    "Green Component": 0.9438887238502502,
    "Blue Component": 0.6204219460487366,
    "Red Component": 0.362028181552887
  },
  "Custom Directory": "No",
  "Ansi 4 Color": {
    "Green Component": 0.7149810791015625,
    "Blue Component": 0.9987152814865112,
    "Red Component": 0.215079665184021
  },
  "Ansi 5 Color": {
    "Green Component": 0.1331098973751068,
    "Blue Component": 0.4318266808986664,
    "Red Component": 0.986469566822052
  },
  "Use Non-ASCII Font": false,
  "Ansi 7 Color": {
    "Green Component": 0.9999743700027466,
    "Blue Component": 0.9999912977218628,
    "Red Component": 1
  },
  "Ansi 8 Color": {
    "Green Component": 0.691678524017334,
    "Blue Component": 0.7232108116149902,